{
  "outside_mean_abs_diff": 0.018428277224302292,
  "outside_mean_sq_diff": 0.0006139025208540261,
  "outside_frac_changed": 0.08628542510121458,
  "inside_mean_abs_diff": 0.03974427282810211,
  "inside_frac_changed": 0.2916052476415094,
  "image_size": [
    512,
    512
  ],
  "threshold": 0.0392156862745098
}