{
  "outside_mean_abs_diff": 0.017185553908348083,
  "outside_mean_sq_diff": 0.0005448957672342658,
  "outside_frac_changed": 0.05849886133603239,
  "inside_mean_abs_diff": 0.04825133457779884,
  "inside_frac_changed": 0.42590654481132073,
  "image_size": [
    512,
    512
  ],
  "threshold": 0.0392156862745098
}