{
  "outside_mean_abs_diff": 0.01930219680070877,
  "outside_mean_sq_diff": 0.0006837495602667332,
  "outside_frac_changed": 0.10433799342105263,
  "inside_mean_abs_diff": 0.026271823793649673,
  "inside_frac_changed": 0.234765625,
  "image_size": [
    512,
    512
  ],
  "threshold": 0.0392156862745098
}