{
  "outside_mean_abs_diff": 0.043012551963329315,
  "outside_mean_sq_diff": 0.00308625609613955,
  "outside_frac_changed": 0.4369385754048583,
  "inside_mean_abs_diff": 0.022724973037838936,
  "inside_frac_changed": 0.14465654481132076,
  "image_size": [
    512,
    512
  ],
  "threshold": 0.0392156862745098
}