{
  "outside_mean_abs_diff": 0.04222666472196579,
  "outside_mean_sq_diff": 0.004763095639646053,
  "outside_frac_changed": 0.32000411184210525,
  "inside_mean_abs_diff": 0.1195639967918396,
  "inside_frac_changed": 0.6626621462264151,
  "image_size": [
    512,
    512
  ],
  "threshold": 0.0392156862745098
}