{
  "outside_mean_abs_diff": 0.021599512547254562,
  "outside_mean_sq_diff": 0.0011016149073839188,
  "outside_frac_changed": 0.10974664726720648,
  "inside_mean_abs_diff": 0.03410611301660538,
  "inside_frac_changed": 0.2713001179245283,
  "image_size": [
    512,
    512
  ],
  "threshold": 0.0392156862745098
}