{
  "outside_mean_abs_diff": 0.017168821766972542,
  "outside_mean_sq_diff": 0.0005439554224722087,
  "outside_frac_changed": 0.05853839827935223,
  "inside_mean_abs_diff": 0.04726270213723183,
  "inside_frac_changed": 0.4151680424528302,
  "image_size": [
    512,
    512
  ],
  "threshold": 0.0392156862745098
}