{
  "outside_mean_abs_diff": 0.01742522604763508,
  "outside_mean_sq_diff": 0.0005145008908584714,
  "outside_frac_changed": 0.07557882085020243,
  "inside_mean_abs_diff": 0.014853961765766144,
  "inside_frac_changed": 0.0628242924528302,
  "image_size": [
    512,
    512
  ],
  "threshold": 0.0392156862745098
}