{
  "outside_mean_abs_diff": 0.015840131789445877,
  "outside_mean_sq_diff": 0.0006570714758709073,
  "outside_frac_changed": 0.055818256578947366,
  "inside_mean_abs_diff": 0.12209397554397583,
  "inside_frac_changed": 0.6834094929245284,
  "image_size": [
    512,
    512
  ],
  "threshold": 0.0392156862745098
}