{
  "outside_mean_abs_diff": 0.06088996306061745,
  "outside_mean_sq_diff": 0.008187530562281609,
  "outside_frac_changed": 0.505147710020243,
  "inside_mean_abs_diff": 0.19154870510101318,
  "inside_frac_changed": 0.864512087264151,
  "image_size": [
    512,
    512
  ],
  "threshold": 0.0392156862745098
}