{
  "outside_mean_abs_diff": 0.022655680775642395,
  "outside_mean_sq_diff": 0.0012716699857264757,
  "outside_frac_changed": 0.12054814018218624,
  "inside_mean_abs_diff": 0.07322878390550613,
  "inside_frac_changed": 0.5096771816037736,
  "image_size": [
    512,
    512
  ],
  "threshold": 0.0392156862745098
}