{
  "outside_mean_abs_diff": 0.01748938485980034,
  "outside_mean_sq_diff": 0.0005647051148116589,
  "outside_frac_changed": 0.060792004048582995,
  "inside_mean_abs_diff": 0.1085941269993782,
  "inside_frac_changed": 0.7445975825471698,
  "image_size": [
    512,
    512
  ],
  "threshold": 0.0392156862745098
}