{
  "outside_mean_abs_diff": 0.04370197653770447,
  "outside_mean_sq_diff": 0.0031973000150173903,
  "outside_frac_changed": 0.443359375,
  "inside_mean_abs_diff": 0.04623614624142647,
  "inside_frac_changed": 0.32081367924528303,
  "image_size": [
    512,
    512
  ],
  "threshold": 0.0392156862745098
}