{
  "outside_mean_abs_diff": 0.0,
  "outside_mean_sq_diff": 0.0,
  "outside_frac_changed": 0.0,
  "inside_mean_abs_diff": 0.05003819614648819,
  "inside_frac_changed": 0.4595909118652344,
  "image_size": [
    512,
    512
  ],
  "threshold": 0.0392156862745098
}