{
  "outside_mean_abs_diff": 0.0227881520986557,
  "outside_mean_sq_diff": 0.0012716961791738868,
  "outside_frac_changed": 0.11952017965587045,
  "inside_mean_abs_diff": 0.05213436484336853,
  "inside_frac_changed": 0.4083652712264151,
  "image_size": [
    512,
    512
  ],
  "threshold": 0.0392156862745098
}