{
  "summary": {
    "results_jsonl": "outputs/suites/demo/locality_semantic_demo_20260118_053634/results.jsonl",
    "n_rows": 1,
    "n_skipped": 0,
    "skipped_reasons": {},
    "outside_mean_abs_diff": {
      "n": 1.0,
      "mean": 0.021334640681743622,
      "median": 0.021334640681743622,
      "min": 0.021334640681743622,
      "max": 0.021334640681743622
    },
    "outside_frac_changed": {
      "n": 1.0,
      "mean": 0.10514454706477733,
      "median": 0.10514454706477733,
      "min": 0.10514454706477733,
      "max": 0.10514454706477733
    },
    "outside_mean_abs_diff_adj": {
      "n": 1.0,
      "mean": 3.066845238208771e-05,
      "median": 3.066845238208771e-05,
      "min": 3.066845238208771e-05,
      "max": 3.066845238208771e-05
    },
    "outside_frac_changed_adj": {
      "n": 1.0,
      "mean": 0.0010200531376518274,
      "median": 0.0010200531376518274,
      "min": 0.0010200531376518274,
      "max": 0.0010200531376518274
    },
    "inside_mean_abs_diff": {
      "n": 1.0,
      "mean": 0.044437918812036514,
      "median": 0.044437918812036514,
      "min": 0.044437918812036514,
      "max": 0.044437918812036514
    },
    "inside_frac_changed": {
      "n": 1.0,
      "mean": 0.30915389150943395,
      "median": 0.30915389150943395,
      "min": 0.30915389150943395,
      "max": 0.30915389150943395
    },
    "top_worst_by_outside_mean_abs_diff": [
      {
        "case": 0,
        "seed": 0,
        "edit_index": 0,
        "target": "obj1",
        "outside_mean_abs_diff": 0.021334640681743622,
        "outside_frac_changed": 0.10514454706477733,
        "base_image": "outputs/suites/demo/locality_semantic_demo_20260118_053634/case_000_seed000/base/image.png",
        "edited": "outputs/suites/demo/locality_semantic_demo_20260118_053634/case_000_seed000/edits/edit_000_strength0p60/edited.png"
      }
    ],
    "top_worst_by_outside_mean_abs_diff_adj": [
      {
        "case": 0,
        "seed": 0,
        "edit_index": 0,
        "target": "obj1",
        "outside_mean_abs_diff_adj": 3.066845238208771e-05,
        "outside_frac_changed_adj": 0.0010200531376518274,
        "base_image": "outputs/suites/demo/locality_semantic_demo_20260118_053634/case_000_seed000/base/image.png",
        "edited": "outputs/suites/demo/locality_semantic_demo_20260118_053634/case_000_seed000/edits/edit_000_strength0p60/edited.png",
        "null_edited": "outputs/suites/demo/locality_semantic_demo_20260118_053634/case_000_seed000/edits/edit_000_strength0p60/null/edited.png"
      }
    ],
    "summary_by_strength": {
      "0.60": {
        "outside_mean_abs_diff_adj": {
          "n": 1.0,
          "mean": 3.066845238208771e-05,
          "median": 3.066845238208771e-05
        },
        "outside_frac_changed_adj": {
          "n": 1.0,
          "mean": 0.0010200531376518274,
          "median": 0.0010200531376518274
        },
        "inside_mean_abs_diff": {
          "n": 1.0,
          "mean": 0.044437918812036514,
          "median": 0.044437918812036514
        },
        "clip_similarity_adj": {
          "n": 1.0,
          "mean": 0.008059456944465637,
          "median": 0.008059456944465637
        },
        "clip_similarity_delta_raw": {
          "n": 1.0,
          "mean": 0.008059456944465637,
          "median": 0.008059456944465637
        },
        "clip_similarity_delta_clipped": {
          "n": 1.0,
          "mean": 0.008059456944465637,
          "median": 0.008059456944465637
        },
        "clip_margin_delta_raw": {
          "n": 1.0,
          "mean": -7.288157939910889e-05,
          "median": -7.288157939910889e-05
        },
        "clip_margin_delta_clipped": {
          "n": 1.0,
          "mean": 0.0,
          "median": 0.0
        },
        "clip_similarity": {
          "n": 1.0,
          "mean": 0.2023971974849701,
          "median": 0.2023971974849701
        }
      }
    },
    "clip_similarity": {
      "n": 1.0,
      "mean": 0.2023971974849701,
      "median": 0.2023971974849701,
      "min": 0.2023971974849701,
      "max": 0.2023971974849701
    },
    "clip_similarity_delta_raw": {
      "n": 1.0,
      "mean": 0.008059456944465637,
      "median": 0.008059456944465637,
      "min": 0.008059456944465637,
      "max": 0.008059456944465637
    },
    "clip_similarity_delta_clipped": {
      "n": 1.0,
      "mean": 0.008059456944465637,
      "median": 0.008059456944465637,
      "min": 0.008059456944465637,
      "max": 0.008059456944465637
    },
    "clip_similarity_adj": {
      "n": 1.0,
      "mean": 0.008059456944465637,
      "median": 0.008059456944465637,
      "min": 0.008059456944465637,
      "max": 0.008059456944465637
    },
    "clip_margin": {
      "n": 1.0,
      "mean": -0.059933632612228394,
      "median": -0.059933632612228394,
      "min": -0.059933632612228394,
      "max": -0.059933632612228394
    },
    "clip_margin_delta_raw": {
      "n": 1.0,
      "mean": -7.288157939910889e-05,
      "median": -7.288157939910889e-05,
      "min": -7.288157939910889e-05,
      "max": -7.288157939910889e-05
    },
    "clip_margin_delta_clipped": {
      "n": 1.0,
      "mean": 0.0,
      "median": 0.0,
      "min": 0.0,
      "max": 0.0
    },
    "top_best_by_clip_delta_raw": [
      {
        "case": 0,
        "seed": 0,
        "edit_index": 0,
        "target": "obj1",
        "strength": 0.6,
        "clip_similarity_delta_raw": 0.008059456944465637,
        "clip_similarity_delta_clipped": 0.008059456944465637,
        "outside_mean_abs_diff_adj": 3.066845238208771e-05,
        "outside_frac_changed_adj": 0.0010200531376518274,
        "base_image": "outputs/suites/demo/locality_semantic_demo_20260118_053634/case_000_seed000/base/image.png",
        "edited": "outputs/suites/demo/locality_semantic_demo_20260118_053634/case_000_seed000/edits/edit_000_strength0p60/edited.png",
        "null_edited": "outputs/suites/demo/locality_semantic_demo_20260118_053634/case_000_seed000/edits/edit_000_strength0p60/null/edited.png"
      }
    ],
    "pareto_front": [
      {
        "case": 0,
        "seed": 0,
        "edit_index": 0,
        "target": "obj1",
        "strength": 0.6,
        "outside_mean_abs_diff_adj": 3.066845238208771e-05,
        "outside_frac_changed_adj": 0.0010200531376518274,
        "clip_similarity_delta_raw": 0.008059456944465637,
        "clip_similarity_delta_clipped": 0.008059456944465637,
        "clip_margin_delta_raw": -7.288157939910889e-05,
        "clip_margin_delta_clipped": 0.0,
        "paths": {
          "base_image": "outputs/suites/demo/locality_semantic_demo_20260118_053634/case_000_seed000/base/image.png",
          "edited": "outputs/suites/demo/locality_semantic_demo_20260118_053634/case_000_seed000/edits/edit_000_strength0p60/edited.png",
          "null_edited": "outputs/suites/demo/locality_semantic_demo_20260118_053634/case_000_seed000/edits/edit_000_strength0p60/null/edited.png"
        }
      }
    ]
  },
  "rows": [
    {
      "case": 0,
      "seed": 0,
      "edit_index": 0,
      "target": "obj1",
      "strength": 0.6,
      "base_prompt": "a red cat on a table",
      "base_image": "outputs/suites/demo/locality_semantic_demo_20260118_053634/case_000_seed000/base/image.png",
      "edited": "outputs/suites/demo/locality_semantic_demo_20260118_053634/case_000_seed000/edits/edit_000_strength0p60/edited.png",
      "mask": "outputs/suites/demo/locality_semantic_demo_20260118_053634/case_000_seed000/edits/edit_000_strength0p60/mask.png",
      "metrics_path": "outputs/suites/demo/locality_semantic_demo_20260118_053634/case_000_seed000/edits/edit_000_strength0p60/metrics.json",
      "outside_mean_abs_diff": 0.021334640681743622,
      "outside_mean_sq_diff": 0.0010831959079951048,
      "outside_frac_changed": 0.10514454706477733,
      "inside_mean_abs_diff": 0.044437918812036514,
      "inside_frac_changed": 0.30915389150943395,
      "threshold": 0.0392156862745098,