{
  "outside_mean_abs_diff": 0.04720087721943855,
  "outside_mean_sq_diff": 0.003727406496182084,
  "outside_frac_changed": 0.469722608805668,
  "inside_mean_abs_diff": 0.14219772815704346,
  "inside_frac_changed": 0.7272626768867925,
  "image_size": [
    512,
    512
  ],
  "threshold": 0.0392156862745098
}