{
  "outside_mean_abs_diff": 0.016524353995919228,
  "outside_mean_sq_diff": 0.000503840041346848,
  "outside_frac_changed": 0.05352511386639676,
  "inside_mean_abs_diff": 0.02843571826815605,
  "inside_frac_changed": 0.19385318396226414,
  "image_size": [
    512,
    512
  ],
  "threshold": 0.0392156862745098
}