{
  "outside_mean_abs_diff": 0.04321889951825142,
  "outside_mean_sq_diff": 0.0031100825872272253,
  "outside_frac_changed": 0.4402280490890688,
  "inside_mean_abs_diff": 0.14738909900188446,
  "inside_frac_changed": 0.755137087264151,
  "image_size": [
    512,
    512
  ],
  "threshold": 0.0392156862745098
}