{
  "outside_mean_abs_diff": 0.0204888004809618,
  "outside_mean_sq_diff": 0.0007986699929460883,
  "outside_frac_changed": 0.11922760627530364,
  "inside_mean_abs_diff": 0.07429499924182892,
  "inside_frac_changed": 0.5334684551886792,
  "image_size": [
    512,
    512
  ],
  "threshold": 0.0392156862745098
}