{
  "outside_mean_abs_diff": 0.0157003216445446,
  "outside_mean_sq_diff": 0.0006403936422429979,
  "outside_frac_changed": 0.05482192560728745,
  "inside_mean_abs_diff": 0.055204711854457855,
  "inside_frac_changed": 0.4853405070754717,
  "image_size": [
    512,
    512
  ],
  "threshold": 0.0392156862745098
}