{
  "outside_mean_abs_diff": 0.022715158760547638,
  "outside_mean_sq_diff": 0.001280185068026185,
  "outside_frac_changed": 0.12065093623481782,
  "inside_mean_abs_diff": 0.07890403270721436,
  "inside_frac_changed": 0.4879201061320755,
  "image_size": [
    512,
    512
  ],
  "threshold": 0.0392156862745098
}