{
  "outside_mean_abs_diff": 0.017853807657957077,
  "outside_mean_sq_diff": 0.0006011577206663787,
  "outside_frac_changed": 0.06639834261133604,
  "inside_mean_abs_diff": 0.11630471050739288,
  "inside_frac_changed": 0.8195238797169812,
  "image_size": [
    512,
    512
  ],
  "threshold": 0.0392156862745098
}