{
  "outside_mean_abs_diff": 0.01737910695374012,
  "outside_mean_sq_diff": 0.0007042494835332036,
  "outside_frac_changed": 0.061582742914979755,
  "inside_mean_abs_diff": 0.13439716398715973,
  "inside_frac_changed": 0.6583652712264151,
  "image_size": [
    512,
    512
  ],
  "threshold": 0.0392156862745098
}